symbol,name
012-LN,012 Golden Lines
0A1Q-LN,Nemaura Medical Inc
0D13-LN,Visiomed Group
0K2H-LN,Moleculin Biotech Inc
0LG9-LN,Asensus Surgical Inc
0R22-LN,Barrick Gold Corp.
3IN-LN,3I Infrastructure Plc
4BB-LN,4basebio UK Societas
7DIG-LN,7digital Group plc
888-LN,888 Hldgs
AA.-LN,AA Plc
AA4-LN,Amedeo Air Four Plus Ltd
AAA-LN,All Active Asset Capital Limited
AAAP-LN,Anglo African Agriculture Plc
AADV-LN,Albion Development VCT Plc
AAEV-LN,Albion Enterprise VCT Plc
AAF-LN,Airtel Africa Plc
AAIF-LN,Aberdeen Asian Income Fund
AAL-LN,Anglo American plc
AAS-LN,Aberdeen Standard Asia Focus Plc
AATG-LN,Albion Technology & General VCT Plc
AAU-LN,Ariana Resources
AAVC-LN,Albion Venture Capital Trust Plc
AAZ-LN,Anglo Asian Mining
ABBY-LN,Abbey Plc
ABC-LN,Abcam
ABD-LN,Aberdeen New Dawn Investment Trust plc
ABDP-LN,AB Dynamics plc
ABDX-LN,Abingdon Health Plc
ABF-LN,Associated British Foods plc
ACC-LN,Access Intelligence
ACI-LN,Alternative Credit Investments plc
ACP-LN,Armadale Capital Plc
ACRL-LN,Accrol Group Holdings Plc
ACSO-LN,Accesso Technology Group Plc
ACT-LN,Actual Experience plc
ADA-LN,Adams Plc
ADAM-LN,Jade Road Investments Limited
ADIG-LN,Aberdeen Diversified Income And Growth Trust Plc
ADM-LN,Admiral Group
ADME-LN,ADM Energy Plc
ADT-LN,Adept Technology Group Plc
ADT1-LN,Adriatic Metals Plc
ADV-LN,Advance Energy Plc
ADVT-LN,AdvancedAdvT Limited
AEG-LN,Active Energy Group plc
AEMC-LN,Aberdeen Emerging Markets Investment Company Limited
AEO-LN,Aeorema Communications Group Plc
AEP-LN,Anglo-Eastern Plantations plc
AET-LN,Afentra Plc
AEWU-LN,AEW UK REIT Plc
AEX-LN,Aminex Plc
AEXG-LN,AEX Gold Inc
AFC-LN,AFC Energy Plc
AFHP-LN,Afh Financial Group Plc
AFM-LN,Alpha Financial Markets Consulting Plc
AFN-LN,Advfn plc
AFP-LN,African Pioneer Plc
AFRK-LN,Afarak Group Plc
AFRN-LN,Aferian Plc
AFS-LN,Amiad Water Systems Limted
AFX-LN,Alpha FX Group Plc
AGFX-LN,Argentex Group Plc
AGK-LN,Aggreko plc
AGL-LN,Angle
AGM-LN,Applied Graphene Materials Plc
AGR-LN,Assura Plc
AGT-LN,AVI Global Trust Plc
AGTA-LN,Agriterra Limited
AGY-LN,Allergy Therapeutics Plc
AHT-LN,Ashtead Group plc
AIBG-LN,AIB Group Plc
AIE-LN,Ashoka India Equity Investment Trust Plc
AIEA-LN,Airea Plc
AIEC-LN,Ashoka India Equity Investment Trust Plc - Class C
AIF-LN,Acorn Income Fund
AIQ-LN,AIQ Limited
AIR-LN,Air Partner
AIRC-LN,Air China Ltd - Class H
AIRE-LN,Alternative Income REIT Plc
AJB-LN,AJ Bell plc
AJG-LN,Atlantis Japan Growth Fund (UK Registered)
AJIT-LN,Aberdeen Japan Investment Trust Plc
AJOC-LN,AVI Japan Opportunity Trust Plc - Class C
AJOT-LN,AVI Japan Opportunity Trust Plc
ALAI-LN,Aberdeen Latin American Income Fund Ltd
ALBA-LN,Alba Mineral Resources
ALFA-LN,Alfa Financial Software Holdings Plc
ALGW-LN,Alpha Growth Plc
ALM-LN,Allied Minds Plc
ALNA-LN,Alina Holdings Plc
ALS-LN,Altus Strategies plc
ALT-LN,Altitude Group Plc
ALTN-LN,AltynGold Plc
ALTS-LN,Cabot Square Alternatives Plc
ALU-LN,Alumasc Group plc
AMAT-LN,Amati AIM VCT Plc
AMC-LN,Amur Minerals Corp
AMGO-LN,Amigo Holdings Plc
AML-LN,Aston Martin Lagonda Global Holdings Plc
AMO-LN,Amino Technologies
AMOI-LN,Anemoi International Limited
AMS-LN,Advanced Medical Solutions Group
AMTE-LN,Amte Power Plc
AMYT-LN,Amryt Pharma Plc (New)
ANCR-LN,Animalcare Group Plc
ANG-LN,Angling Direct Plc
ANGS-LN,Angus Energy Plc
ANIC-LN,Agronomics Limited
ANP-LN,Anpario Plc
ANTO-LN,Antofagasta plc
ANW-LN,Aberdeen New Thai Investment Trust
ANX-LN,Anexo Group Plc
AO.-LN,AO World Plc
AOGL-LN,Attis Oil and Gas Ltd
AOM-LN,ActiveOps Plc
APAX-LN,Apax Global Alpha Limited
APF-LN,Anglo Pacific Group
APGN-LN,Applegreen Plc
APH-LN,Alliance Pharma plc
APP-LN,Appreciate Group Plc
APQ-LN,APQ Global Limited
APTD-LN,Aptitude Software Group Plc
AQSG-LN,Aquila Services Group Plc
AQX-LN,Aquis Exchange Plc
ARB-LN,Argo Blockchain Plc
ARBB-LN,Arbuthnot Banking Group Plc.
ARC-LN,Arcontech Group Plc
ARCM-LN,Arc Minerals Limited
ARDN-LN,Arden Partners
ARE-LN,Arena Events Group
AREC-LN,Arecor Therapeutics Plc
ARG-LN,Argos Resources Limited
ARGO-LN,Argo Group Ltd
ARIX-LN,Arix Bioscience Plc
ARK-LN,Arkle Resources Plc
ARR-LN,Aurora Investment Trust plc
ARS-LN,Asiamet Resources Limited
ART-LN,Artisanal Spirits Company Plc
ARTL-LN,Alpha Real Trust Limited
ARW-LN,Arrow Global Group Plc
ASAI-LN,ASA International Group Plc
ASBE-LN,Associated British Engineering
ASC-LN,Asos plc
ASCI-LN,Aberdeen Smaller Companies Income Trust plc
ASCL-LN,Ascential plc
ASEI-LN,Aberdeen Standard Equity Income Trust plc
ASHM-LN,Ashmore Group
ASIT-LN,Aberforth Split Level Income Trust Plc
ASL-LN,Aberforth Smaller Companies Trust plc
ASLI-LN,Aberdeen Standard European Logistics Income Plc
ASLR-LN,Asimilar Group Plc
AST-LN,Ascent Resources
ASTO-LN,Assetco Plc
ASY-LN,Andrews Sykes Group plc
ATG-LN,Auction Technology Group Plc
ATM-LN,Afritin Mining Limited
ATQT-LN,Attraqt Group Plc
ATR-LN,Schroder Asian Total Return Investment Company plc
ATS-LN,Artemis Alpha Trust plc
ATST-LN,Alliance Trust plc - Stock
ATT-LN,Allianz Technology Trust Plc
ATY-LN,Athelney Trust
ATYM-LN,Atalaya Mining Plc
AUG-LN,Augean
AUGM-LN,Augmentum Fintech Plc
AUK-LN,Aukett Swanke Group Plc.
AURA-LN,Aura Energy Limited
AUTG-LN,Autins Group Plc
AUTO-LN,Auto Trader Group Plc
AUY-LN,Yamana Gold Inc.
AV.-LN,Aviva Plc
AVAP-LN,Avation Plc
AVCT-LN,Avacta Group Plc
AVG-LN,Avingtrans plc
AVO-LN,Advanced Oncotherapy Plc
AVON-LN,Avon Rubber plc
AVST-LN,Avast PLC
AVV-LN,Aveva Group
AWE-LN,Alphawave IP Group Plc
AXI-LN,Axiom European Financial Debt Limited
AXS-LN,Accsys Technologies
AYM-LN,Anglesey Mining plc
AZN-LN,Astrazeneca plc
B90-LN,B90 Holdings Plc
BA.-LN,BAE Systems plc
BAB-LN,Babcock International Group plc
BAF-LN,British & American Investment Trust plc
BAG-LN,Barr(A.G.) plc
BAKK-LN,Bakkavor Group Plc
BAR-LN,Brand Architekts Group plc
BARC-LN,Barclays plc
BARK-LN,Barkby Group Plc
BASC-LN,Brown Advisory US Smaller Companies Plc
BATS-LN,British American Tobacco Plc
BBB-LN,Bigblu Broadband plc
BBGI-LN,BBGI Global Infrastructure S.A.
BBH-LN,BB Healthcare Trust Plc
BBOX-LN,Tritax Big Box Reit Plc
BBSN-LN,Brave Bison Group Plc
BBY-LN,Balfour Beatty plc
BCI-LN,BMO Capital and Income Investment Trust Plc
BCN-LN,Bacanora Lithium Plc
BCPT-LN,BMO Commercial Property Trust Limited
BDEV-LN,Barratt Developments plc
BEG-LN,Begbies Traynor Group
BELL-LN,Belluscura Plc
BEM-LN,Beowulf Mining plc
BEMO-LN,Barings Emerging EMEA Opportunities PLC.
BERI-LN,BlackRock Energy and Resources Income Trust Plc
BESS-LN,Bluefield European Solar Fund Ltd
BEZ-LN,Beazley Plc.
BFSP-LN,Blackfinch Spring VCT Plc
BGCG-LN,Baillie Gifford China Growth Trust Plc
BGEO-LN,Bank of Georgia Group Plc
BGEU-LN,Baillie Gifford European Growth Trust Plc
BGFD-LN,Baillie Gifford Japan Trust plc
BGHS-LN,Boussard & Gavaudan Holding (GBP)
BGO-LN,bango
BGS-LN,Baillie Gifford Shin Nippon plc
BGSC-LN,BMO Global Smaller Companies Plc
BGUK-LN,Baillie Gifford UK Growth Trust plc
BHGG-LN,Bh Global Ltd
BHI-LN,BMO UK High Income Trust Plc
BHIB-LN,BMO UK High Income Trust Plc - Class B
BHMG-LN,BH Macro Ltd
BHP-LN,BHP Group Plc
BIFF-LN,Biffa Plc
BIH-LN,Boston International Holdings plc
BILB-LN,Bilby Plc
BILN-LN,Billington Holdings Plc
BIOG-LN,Biotech Growth Trust
BIOM-LN,Biome Technologies Plc
BION-LN,BiON Plc
BIPS-LN,Invesco Bond Income Plus Limited
BIRD-LN,Blackbird Plc
BISI-LN,Bisichi Plc
BKG-LN,Berkeley Group Holdings
BKS-LN,Beeks Financial Cloud Group Plc
BKY-LN,Berkeley Energia Limited
BLND-LN,British Land Co plc
BLOE-LN,Block Energy Plc
BLP-LN,Blue Planet Investment Trust Plc
BLTG-LN,Blancco Technology Group Plc
BLU-LN,Blue Star Capital
BLV-LN,Belvoir Group Plc
BLVN-LN,Bowleven
BMD-LN,Baronsmead Second Venture Trust plc.
BME-LN,B&M European Value Retail S.A.
BMK-LN,Benchmark Holdings Plc
BMN-LN,Bushveld Minerals Limited
BMPG-LN,BMO Managed PortfolioTrust Plc - Growth Shares
BMPI-LN,BMO Managed PortfolioTrust Plc - Income Shares
BMS-LN,Braemar Shipping Services Plc
BMT-LN,Braime Group Plc - Class A
BMTO-LN,Braime Group Plc
BMV-LN,Bluebird Merchant Ventures Ltd
BMY-LN,Bloomsbury Publishing plc
BNC-LN,Banco Santander S.A.
BNKR-LN,Bankers Investment Trust plc
BNZL-LN,Bunzl plc
BOCH-LN,Bank of Cyprus Holdings Plc
BOD-LN,Botswana Diamonds plc
BOIL-LN,Baron Oil Plc
BOKU-LN,Boku Inc.
BONH-LN,Bonhill Group Plc
BOO-LN,Boohoo Group Plc - Ordinary Share
BOOM-LN,Audioboom Group Plc
BOOT-LN,Boot (Henry)
BOR-LN,Borders & Southern Petroleum.
BOTB-LN,Best of the Best Plc
BOWL-LN,Hollywood Bowl Group Plc
BOY-LN,Bodycote Plc
BP.-LN,BP plc
BPC-LN,Bahamas Petroleum Company plc
BPET-LN,BMO Private Equity Trust Plc
BPM-LN,B.P.Marsh & Partners
BRBY-LN,Burberry Group
BRCK-LN,Brickability Group Plc
BRD-LN,Bluerock Diamonds Plc
BREE-LN,Breedon Group Plc
BREI-LN,BMO Real Estate Investments Limited
BRES-LN,Blencowe Resources Plc
BRFI-LN,Blackrock Frontiers Investment Trust Plc
BRGE-LN,Blackrock Greater Europe Investmnet Trust Plc
BRH-LN,Braveheart Investment Group
BRIG-LN,BlackRock Income and Growth Investment Trust Plc
BRK-LN,Brooks Macdonald Group
BRLA-LN,Blackrock Latin American Investment Trust Plc
BRNA-LN,BlackRock North American Income Trust plc
BRSC-LN,Blackrock Smaller Companies Trust Plc
BRSD-LN,BrandShield Systems Plc
BRW-LN,Brewin Dolphin Holdings
BRWM-LN,Blackrock World Mining Trust Plc
BSC-LN,British Smaller Companies VCT 2 Plc
BSE-LN,Base Resources Limited
BSFA-LN,BSF Enterprise Plc
BSIF-LN,Bluefield Solar Income Fund Ltd.
BSRT-LN,Baker Steel Resources Trust Limited
BSV-LN,British Smaller Companies Venture Capital Trust plc
BT.A-LN,BT Group
BUR-LN,Burford Capital Limited
BUT-LN,Brunner Investment Trust plc
BVC-LN,BATM Advanced Communications Limited
BVIC-LN,Britvic
BVT-LN,Baronsmead Venture Trust Plc
BVXP-LN,Bioventix Plc
BWNG-LN,Brown (N.) Group plc
BWO-LN,Barloworld Ltd
BWY-LN,Bellway plc
BYG-LN,Big Yellow Group plc
BYIT-LN,Bytes Technology Group Plc
BYOT-LN,Byotrol
BZT-LN,Bezant Resources Plc
C4XD-LN,C4X Discovery Holdings plc
CAD-LN,Cadogan Petroleum
CAL-LN,Capital & Regional plc
CALL-LN,Cloudcall Group Plc
CAM-LN,Camellia
CAMB-LN,Cambria Automobiles Plc
CAML-LN,Central Asia Metals Plc
CAPC-LN,Capital & Counties Properties Plc
CAPD-LN,Capital Limited
CAR-LN,Carclo plc
CARD-LN,Card Factory Plc
CARR-LN,Carrs Group Plc
CASP-LN,Caspian Sunrise Plc
CAU-LN,Centaur Media
CAY-LN,Charles Stanley Group plc
CBA-LN,Ceiba Investments Limited
CBG-LN,Close Brothers Group plc
CBOX-LN,Cake Box Holdings Plc
CBP-LN,Curtis Banks Group Plc
CBX-LN,Cellular Goods Plc
CCAP-LN,Conduity Capital Plc
CCC-LN,Computacenter
CCH-LN,Coca Cola HBC AG
CCJI-LN,CC Japan Income & Growth Trust plc
CCJS-LN,CC Japan Income & Growth Trust plc - Subscription Shares
CCL-LN,Carnival plc
CCP-LN,Celtic plc
CCPG-LN,CVC Credit Partners European Opportunities Limited
CCR-LN,C&C Group
CCRD-LN,Cordiant Digital Infrastructure Limited - Class C
CCS-LN,Crossword Cybersecurity Plc
CCT-LN,Character Group plc
CCZ-LN,Castillo Copper Limited
CDFF-LN,Cardiff Property
CDL-LN,Cloudbreak Discovery Plc
CDM-LN,Codemasters Group Holdings Plc
CEG-LN,Challenger Energy Group Plc
CEPS-LN,Ceps Plc
CER-LN,Cerillion PLC
CEY-LN,Centamin Plc
CFX-LN,Colefax Group plc
CFYN-LN,Caffyns Plc
CGEO-LN,Georgia Capital Plc
CGI-LN,Canadian General Investments Ltd.
CGNR-LN,Conroy Gold and Natural Resources plc
CGO-LN,Contango Holdings Plc
CGS-LN,Castings plc
CGT-LN,Capital Gearing Trust
CGW-LN,Chelverton Growth Trust
CHAR-LN,Chariot Oil & Gas Ltd
CHG-LN,Chemring Group plc
CHH-LN,Churchill China plc
CHRT-LN,Cohort
CHRY-LN,Chrysalis Investments Limited
CIC-LN,Conygar Investment Company
CIHL-LN,Caribbean Investment Holdings Limited
CIN-LN,City of London Group Plc
CINE-LN,Cineworld Group
CIP-LN,CIP Merchant Capital Limited
CIR-LN,Circassia Group Plc
CIZ-LN,Cizzle Biotechnology Holdings Plc.
CKN-LN,Clarkson
CKT-LN,Checkit Plc
CLC-LN,Calculus VCT Plc
CLCO-LN,CloudCoCo Group Plc
CLDN-LN,Caledonia Investments plc
CLG-LN,Clipper Logistics Plc
CLI-LN,CLS Holdings
CLIG-LN,City of London Investment Group
CLIN-LN,Clinigen Group Plc
CLON-LN,Clontarf Energy Plc
CLP-LN,Clear Leisure Plc
CLSN-LN,Calisen Plc
CLX-LN,Calnex Solutions Plc
CMB-LN,Cambria Africa Plc
CMCL-LN,Caledonia Mining Corporation Plc
CMCX-LN,CMC Markets Plc
CMET-LN,Capital Metals Plc
CMH-LN,Chamberlin Plc
CMHY-LN,City Merchants High Yield Trust Limited
CML-LN,CML Microsystems plc
CMRS-LN,Caerus Mineral Resources Plc
CMX-LN,Catalyst Media Group Plc
CNA-LN,Centrica plc
CNC-LN,Concurrent Technologies
CNE-LN,Cairn Energy plc.
CNG-LN,China Nonferrous Gold Limited
CNIC-LN,Centralnic Group Plc
CNKS-LN,Cenkos Securities
CNN-LN,Caledonian Trust
CNR-LN,Condor Gold Plc
CNS-LN,Corero Network Security Plc
COA-LN,Coats Group Plc
COBR-LN,Cobra Resources Plc
COG-LN,Cambridge Cognition Holdings plc
COM-LN,Comptoir Group Plc
COPL-LN,Canadian Overseas Petroleum Ltd
CORA-LN,Cora Gold Limited
CORD-LN,Cordiant Digital Infrastructure Limited
CORO-LN,Coro Energy Plc
COST-LN,Costain Group PLC
CPC-LN,City Pub Group Plc
CPG-LN,Compass Group Plc
CPI-LN,Capita Plc
CPP-LN,CPP Group Plc
CPS-LN,CPL Resources Plc
CPT-LN,Concepta Plc
CPX-LN,Cap-XX
CRC-LN,Circle Property Plc
CRCL-LN,Corcel Plc
CRDA-LN,Croda International plc
CRE-LN,Conduit Holdings Limited
CREI-LN,Custodian REIT Plc
CREO-LN,Creo Medical Group Plc
CRH-LN,CRH Plc
CRL-LN,Creightons
CRN-LN,Cairn Homes Plc
CRPR-LN,Cropper (James) plc
CRS-LN,Crystal Amber Fund Ltd
CRST-LN,Crest Nicholson Holdings Plc
CRTM-LN,Critical Metals Plc
CRU-LN,Coral Products
CRW-LN,Craneware Plc
CRWN-LN,Crown Place Vct Plc
CSFS-LN,Cornerstone FS Plc
CSH-LN,Civitas Social Housing Plc
CSN-LN,Chesnara plc
CSP-LN,Countryside Properties plc
CSRD-LN,Cordiant Digital Infrastructure Limited - Subscription Shares
CSSG-LN,Croma Security Solutions Group Plc
CTEA-LN,Catenae Innovation Plc
CTEC-LN,ConvaTec Group Plc
CTG-LN,Christie Group
CTH-LN,CareTech Holdings Plc
CTI-LN,Cathay International Holdings
CTNA-LN,Insig AI Plc
CTO-LN,TClarke Plc
CTY-LN,City of London Investment Trust
CUSN-LN,Cornish Metals Inc.
CVSG-LN,CVS Group Plc
CWD-LN,Countrywide plc
CWK-LN,Cranswick plc
CWR-LN,Ceres Power Holdings Plc
CYAN-LN,CyanConnode Holdings Plc
CYBA-LN,CYBA plc
CYN-LN,CQS Natural Resources Growth and Income Plc
D467-LN,Downing FOUR VCT Plc - (DP67)
D4G-LN,Downing FOUR VCT Plc - (Generalist Shares)
D4H-LN,Downing FOUR VCT Plc - (Healthcare Shares)
D4OA-LN,Downing FOUR VCT Plc - Class A (General Shares)
D4OO-LN,Downing FOUR VCT Plc - (General Shares)
D4SA-LN,Downing FOUR VCT Plc - Class A (Structured Shares)
D4SO-LN,Downing FOUR VCT Plc - (Structured Shares)
D4T4-LN,D4t4 Solutions Plc
DAL-LN,Dalata Hotel Group Plc
DARK-LN,Darktrace Plc
DAT-LN,"Datang International Power Generation Co., Ltd. - Class H"
DBOX-LN,Digitalbox Plc
DC.-LN,Dixons Carphone plc
DCC-LN,DCC Plc
DCD-LN,DCD Media Plc
DCI-LN,Dolphin Capital Investors
DCTA-LN,Directa Plus Plc
DDDD-LN,4d Pharma Plc
DDV1-LN,Downing One Vct Plc
DEC-LN,Diversified Energy Company Plc
DELT-LN,Deltic Energy Plc
DEMG-LN,Deltex Medical Group plc
DEST-LN,Destiny Pharma Plc
DEV-LN,Dev Clever Holdings plc
DEVC-LN,Draper Esprit VCT Plc
DFCH-LN,Distribution Finance Capital Holdings Plc
DFS-LN,DFS Furniture Plc
DGE-LN,Diageo plc
DGI9-LN,Digital 9 Infrastructure Plc
DGN-LN,Asia Dragon Trust plc
DGOC-LN,Diversified Gas & Oil Plc
DIA-LN,Dialight Plc
DIG-LN,Dunedin Income Growth Investment Trust plc
DIGS-LN,Gcp Student Living Plc
DIS-LN,Distil plc
DISH-LN,Amala Foods Plc
DIVI-LN,Diverse Income Trust plc
DKE-LN,Dukemount Capital Plc
DKL-LN,Dekel Agri-Vision Plc
DLAR-LN,De La Rue plc
DLG-LN,Direct Line Insurance Group plc
DLN-LN,Derwent London Plc
DMGT-LN,Daily Mail & General Trust plc - Class A
DMTR-LN,DeepMatter Group Plc
DNE-LN,Dunedin Enterprise Investment Trust
DNK-LN,Danakali Ltd
DNL-LN,Diurnal Group Plc
DNLM-LN,Dunelm Group Plc
DNM-LN,Dianomi Plc
DO1D-LN,Downing FOUR VCT Plc - Class D
DOCS-LN,Dr. Martens Plc
DODS-LN,Dods Group Plc
DOM-LN,Domino`s Pizza Group Plc
DORE-LN,Downing Renewables & Infrastructure Trust Plc
DOTD-LN,dotDigital Group Plc
DP2F-LN,Downing Two VCT Plc - Class F
DP2G-LN,Downing Two VCT Plc - Class G
DP2K-LN,Downing Two VCT Plc - Class K
DP3F-LN,Downing Three VCT Plc - Class F
DP3H-LN,Downing Three VCT Plc - Class H
DP3J-LN,Downing Three VCT Plc - Class J
DPEU-LN,DP Eurasia N.V
DPH-LN,Dechra Pharmaceuticals plc
DPLM-LN,Diploma plc
DPP-LN,DP Poland Plc
DRIP-LN,Drum Income Plus REIT Plc.
DRUM-LN,Drumz Plc
DRV-LN,Driver Group
DRX-LN,Drax Group
DSCV-LN,DiscoverIE Group Plc
DSG-LN,Dillistone Group
DSM-LN,Downing Strategic Micro-Cap Investment Trust Plc
DTY-LN,Dignity
DUKE-LN,Duke Royalty Limited
DVO-LN,Devro plc
DVRG-LN,Deepverge Plc
DVT-LN,daVictus plc
DWF-LN,DWF Group Plc
DWHA-LN,Dewhurst - Class A
DWHT-LN,Dewhurst
DWMI-LN,DWM Inclusive Fin Inc Fd Ltd
DX.-LN,DX (Group) Plc
DXRX-LN,Diaceutics Plc
EAAS-LN,eEnergy Group Plc
EAH-LN,Eco Animal Health Group Plc
EAT-LN,European Assets Trust Plc
EBQ-LN,Ebiquity plc
ECEL-LN,Eurocell Plc
ECHO-LN,Echo Energy PLC
ECK-LN,Eckoh Plc
ECM-LN,Electrocomponents plc
ECO-LN,Eco (Atlantic) Oil & Gas Ltd
ECR-LN,ECR Minerals plc
ECSC-LN,ECSC Group Plc
EDEN-LN,Eden Research
EDGH-LN,Edge Performance Vct - Class H
EDGI-LN,Edge Performance Vct - Class I
EDIN-LN,Edinburgh Investment Trust plc
EDL-LN,Edenville Energy Plc
EDR-LN,Egdon Resources Plc.
EDV-LN,Endeavour Mining Plc
EEE-LN,Empire Metals Limited
EGL-LN,Ecofin Global Utilities and Infrastructure Trust plc
EGST-LN,Liontrust ESG Trust Plc
EGY-LN,"VAALCO Energy, Inc."
EJFI-LN,EJF Investments Ltd
EKF-LN,EKF Diagnostics Holdings plc
ELCO-LN,Eleco Plc
ELIX-LN,Elixirr International Plc
ELM-LN,Elementis
ELTA-LN,Electra Private Equity
EMAN-LN,Everyman Media Group Plc
EME-LN,Empyrean Energy
EMG-LN,Man Group Plc
EMH-LN,European Metals Holdings Limited
EMIS-LN,Emis Group Plc
EML-LN,Emmerson Plc
EMR-LN,Empresaria Group
ENET-LN,Ethernity Networks Ltd
ENOG-LN,Energean Plc
ENQ-LN,EnQuest Plc
ENT-LN,Entain plc
ENW-LN,Enwell Energy Plc
EOG-LN,Europa Oil & Gas (Hldgs)
EPG-LN,EP Global Opportunities Trust
EPIC-LN,Ediston Property Investment Company plc
EPWN-LN,Epwin Group Plc
EQLS-LN,Equals Group Plc
EQN-LN,Equiniti Group plc
EQT-LN,Eqtec Plc
ERGO-LN,Ergomed Plc
ERM-LN,Euromoney Institutional Investors
ESC-LN,Escape Hunt Plc
ESKN-LN,Esken Limited
ESL-LN,Eddie Stobart Logistics Plc
ESNT-LN,Essentra Plc
ESO-LN,EPE Special Opportunities Limited
ESP-LN,Empiric Student Property Plc
EST-LN,East Star Resources Plc
ESYS-LN,Essensys Plc
ETX-LN,E-Therapeutics Plc
EUA-LN,Eurasia Mining
EUZ-LN,Europa Metals Ltd
EVE-LN,Eve Sleep Plc
EVG-LN,Evgen Pharma Plc
EVR-LN,Evraz Plc
EWI-LN,Edinburgh Worldwide Investment Tst
EXPN-LN,Experian Plc
EYE-LN,Eagle Eye Solutions Group Plc
EZJ-LN,Easyjet plc
FA.-LN,FireAngel Safety Technology Group Plc
FAB-LN,Fusion Antibodies Plc
FAN-LN,Volution Group Plc
FAR-LN,Ferro-Alloy Resources Limited
FARN-LN,Faron Pharmaceuticals Oy
FAS-LN,Fidelity Asian Values plc
FCAP-LN,finnCap Group Plc
FCBH-LN,F&C Barrow Hanley US Trust Plc
FCCN-LN,French Connection Group plc
FCH-LN,Funding Circle Holdings Plc
FCIT-LN,F&C Investment Trust Plc
FCRM-LN,Fulcrum Utility Services Limited
FCSS-LN,Fidelity China Special Situations PLC - Reg S
FDBK-LN,Feedback plc
FDEV-LN,Frontier Developments Plc
FDM-LN,FDM Group (Holdings) Plc
FDP-LN,First Derivatives plc
FEET-LN,Fundsmith Emerging Equities Trust plc
FEN-LN,Frenkel Topping Group
FERG-LN,Ferguson Plc.
FEV-LN,Fidelity European Trust plc
FEVR-LN,Fevertree Drinks Plc
FFWD-LN,Fast Forward Innovations Limited
FGP-LN,First Group
FGT-LN,Finsbury Growth & Income Trust Plc
FHP-LN,Fandango Holdings plc
FIF-LN,Finsbury Food Group Plc
FIH-LN,FIH Group Plc
FIPP-LN,Frontier IP Group Plc
FJV-LN,Fidelity Japan Trust Plc
FKE-LN,Fiske plc
FLK-LN,Fletcher King plc
FLO-LN,Flowtech Fluidpower Plc
FLTA-LN,Filta Group Holdings Plc
FLTR-LN,Flutter Entertainment Plc
FLX-LN,Falanx Group Limited
FNTL-LN,Fintel plc
FNX-LN,Fonix Mobile Plc
FOG-LN,Falcon Oil & Gas Ltd
FORT-LN,Forterra Plc
FOUR-LN,4imprint Group plc
FOX-LN,Fox Marble Holdings Plc
FOXT-LN,Foxtons Group Plc
FPO-LN,First Property Group plc
FPP-LN,Fragrant Prosperity Holdings Limited
FRAN-LN,Franchise Brands PLC
FRAS-LN,Frasers Group Plc
FRES-LN,Fresnillo Plc
FRP-LN,FRP Advisory Group Plc
FSFL-LN,Foresight Solar Fund Limited
FSG-LN,Foresight Group Holdings Limited
FSHR-LN,Fundamentum Supported Housing REIT Plc
FSJ-LN,Fisher (James) & Sons
FSTA-LN,Fuller Smith & Turner plc - Class A
FSV-LN,Fidelity Special Values plc
FTC-LN,Filtronic
FTF-LN,Foresight 4 VCT
FTSV-LN,Foresight Solar & Technology VCT Plc
FTV-LN,Foresight VCT Plc - New
FUL-LN,The Fulham Shore Plc
FUM-LN,Futura Medical
FUTR-LN,Future Plc
FWT-LN,Foresight Solar & Technology VCT Plc (FWT)
FXPO-LN,Ferrexpo Plc
G4M-LN,Gear4Music (Holdings) Plc
GABI-LN,GCP Asset Backed Income Fund Limited
GAL-LN,Galantas Gold Corp
GAMA-LN,Gamma Communications Plc
GATC-LN,Gattaca Plc
GAW-LN,Games Workshop Group plc
GBG-LN,GB Group plc
GBP-LN,Global Petroleum Ltd
GCG-LN,Golden Rock Global Plc
GCL-LN,Geiger Counter Ltd
GCM-LN,GCM Resources Plc
GCP-LN,GCP Infrastructure Investments Limited
GCS-LN,Geiger Counter Ltd - Subscription Shares
GDP-LN,Goldplat Plc
GDR-LN,Genedrive Plc
GDWN-LN,Goodwin
GEM-LN,Gemfields Group Limited
GEMD-LN,Gem Diamonds Ltd
GEN-LN,Genuit Group Plc
GETB-LN,GetBusy Plc
GFHG-LN,Grand Fortune High Grade Ltd
GFIN-LN,Gfinity Plc
GFM-LN,Griffin Mining
GFRD-LN,Galliford Try Holdings Plc
GFS-LN,G4S Plc
GFTU-LN,Grafton Group
GGP-LN,Greatland Gold
GHE-LN,Gresham House
GHH-LN,Gooch & Housego
GHS-LN,Gresham House Strategic Plc
GHT-LN,Gresham Technologies Plc
GILD-LN,Guild Esports Plc
GINV-LN,Global Invacom Group Limited
GKP-LN,Gulf Keystone Petroleum
GLAN-LN,Glantus Holdings Plc
GLE-LN,MJ Gleeson Plc
GLEN-LN,Glencore plc
GLIF-LN,Sancus Lending Group Ltd
GLO-LN,ContourGlobal Plc
GLR-LN,Galileo Resources Plc
GMR-LN,Gaming Realms Plc
GMS-LN,Gulf Marine Services Plc
GNC-LN,Greencore Group Plc
GNF.L-LN,Greenfields Petroleum Corp
GNS-LN,Genus plc
GOCO-LN,GoCo Group Plc
GOG-LN,Go-Ahead Group plc
GOOD-LN,Good Energy Group Plc
GPH-LN,Global Ports Holding Plc
GPM-LN,Golden Prospect Precious Metals Ltd
GPOR-LN,Great Portland Estates plc
GPSS-LN,Golden Prospect Precious Metals Ltd - Subscription Shares
GR1T-LN,Grit Real Estate Income Group Limited
GRA-LN,Grafenia Plc
GRC-LN,GRC International Group Plc
GRG-LN,Greggs plc
GRI-LN,Grainger Plc
GRID-LN,Gresham House Energy Storage Fund Plc
GRIO-LN,Ground Rents Income Fund plc
GRL-LN,Goldstone Resources
GROW-LN,Draper Esprit Plc
GSEO-LN,VH Global Sustainable Energy Opportunities Plc
GSF-LN,Gore Street Energy Storage Fund Plc
GSFC-LN,Gore Street Energy Storage Fund Plc - Class C
GSK-LN,Glaxosmithkline plc
GSS-LN,Genesis Emerging Markets Fund - PTG
GST-LN,GSTechnologies Ltd
GTC-LN,Getech Group
GTE-LN,Gran Tierra Energy Inc
GTLY-LN,Gateley (Holdings) Plc
GUN-LN,Gunsynd plc
GUS-LN,Gusbourne Plc
GV1A-LN,Gresham House Renewable Energy VCT 1 Plc - Class A
GV1O-LN,Gresham House Renewable Energy VCT 1 Plc
GV2A-LN,Gresham House Renewable Energy VCT 2 Plc - Class A
GV2O-LN,Gresham House Renewable Energy VCT 2 Plc
GVC-LN,GVC Holdings Plc
GVMH-LN,Grand Vison Media Holdings Plc
GVP-LN,Gabelli Value Plus+ Trust Plc
GWMO-LN,Great Western Mining Corp Plc
GYG-LN,GYG plc
GYM-LN,Gym Group plc
GYS-LN,Gamesys Group Plc
HAN-LN,Hansa Investment Company Limited
HANA-LN,Hansa Investment Company Limited - Class A
HAS-LN,Hays plc
HAST-LN,Henderson Alternative Strategies Trust Plc
HAT-LN,H & T Group
HAYD-LN,Haydale Graphene Industries Plc
HBR-LN,Harbour Energy Plc
HBRN-LN,Hibernia REIT PLC
HCFT-LN,Highcroft Investments
HCM-LN,HUTCHMED (China) Limited
HDIV-LN,Henderson Diversified Income Trust Plc
HDT-LN,Holders Technology plc
HE1-LN,Helium One Global Ltd
HEAD-LN,Headlam Group plc
HEFT-LN,Henderson European Focus Trust plc
HEIQ-LN,HeiQ Plc
HEMO-LN,Hemogenyx Pharmaceuticals Plc
HFD-LN,Halfords
HFEL-LN,Henderson Far East Income Ltd.
HFG-LN,Hilton Food Group Plc
HGT-LN,Hgcapital Trust plc
HHI-LN,Henderson High Income Trust plc
HHV-LN,Hargreave Hale AIM VCT Plc
HICL-LN,HICL Infrastructure PLC
HID-LN,Hidong Estate plc
HIK-LN,Hikma Pharmaceuticals Plc
HILS-LN,Hill & Smith Holdings plc
HINT-LN,Henderson International Income Trust plc
HL.-LN,Hargreaves Lansdown Plc
HLCL-LN,Helical Plc
HLMA-LN,Halma plc
HMI-LN,Harvest Minerals Limited
HMSO-LN,Hammerson plc
HNE-LN,Henderson Euro Trust plc
HNG-LN,Hawkwing Plc
HOC-LN,Hochschild Mining Plc
HOME-LN,Home REIT Plc
HONY-LN,Honeycomb Investment Trust Plc
HOT-LN,Henderson Opportunities Trust Plc
HOTC-LN,Hotel Chocolat Group Plc
HOYE-LN,Honye Financial Services Ltd
HPAC-LN,Hermes Pacific Investments plc
HRI-LN,Herald Investment Trust plc
HRN-LN,Hornby plc
HSBA-LN,HSBC Holdings plc
HSD-LN,Hansard Global Plc
HSL-LN,Henderson Smaller Companies Investment Trust
HSM-LN,Heath (Samuel) & Sons
HSP-LN,Hargreaves Services
HSS-LN,HSS Hire Group Plc.
HSV-LN,Homeserve
HSW-LN,Hostelworld Group plc
HSX-LN,Hiscox Ltd
HTCF-LN,Highbridge Tactical Credit Fund Limited - Sterling
HTG-LN,Hunting plc
HTWS-LN,Helios Towers Plc
HUM-LN,Hummingbird Resources Limited
HUNT-LN,Hunters Property Plc
HUR-LN,Hurricane Energy plc
HUW-LN,Helios Underwriting Plc
HVPD-LN,Harbourvest Global Private Equity - Class A
HVT-LN,Heavitree Brewery plc
HVTA-LN,Heavitree Brewery plc - Class A (Limited Voting)
HWDN-LN,Howden Joinery Group Plc
HWG-LN,Harworth Group Plc
HYG-LN,Seneca Growth Capital VCT Plc
HYVE-LN,Hyve Group Plc
HZD-LN,Horizon Discovery Group Plc
HZM-LN,Horizonte Minerals
I3E-LN,i3 Energy Plc
IAG-LN,International Consolidated Airlines Group SA
IAT-LN,Invesco Asia Trust
IBPO-LN,iEnergizer Ltd
IBST-LN,Ibstock plc
IBT-LN,International Biotechnology Trust plc
ICGT-LN,ICG Enterprise Trust Plc
ICON-LN,Iconic Labs Plc
ICP-LN,Intermediate Capital Group
IDE-LN,IDE Group Holdings Plc
IDEA-LN,Ideagen Plc
IDH-LN,Immunodiagnostic Systems Hldgs
IDOX-LN,Idox
IDP-LN,Innovaderma Plc
IEM-LN,Impax Environmental Markets Plc
IES-LN,Invinity Energy Systems Plc
IGAS-LN,IGas Energy Plc
IGC-LN,India Capital Growth Fund
IGE-LN,Image Scan Holdings Plc
IGG-LN,IG Group Hldgs
IGP-LN,Intercede Group
IGR-LN,IG Design Group Plc
IGV-LN,Income & Growth Vct Plc
IHC-LN,Inspiration Healthcare Group Plc
IHG-LN,Intercontinental Hotels Group
IHP-LN,IntegraFin Holdings Plc
IHR-LN,Impact Healthcare REIT Plc
IIG-LN,Intuitive Investments Group Plc
III-LN,3i Group plc
IIP-LN,Infrastructure India Plc
IIT-LN,Independent Investment Trust plc
IKA-LN,Ilika plc
IMB-LN,Imperial Brands Plc
IMC-LN,IMC Exploration Group Plc
IME-LN,Immedia Group plc
IMI-LN,IMI plc
IMM-LN,Immupharma Plc
IMMO-LN,Immotion Group Plc
IMO-LN,IMImobile Plc
INCE-LN,Ince Group Plc
INCH-LN,Inchcape plc
INDI-LN,Indus Gas Ltd
INDV-LN,Indivior Plc
INF-LN,Informa Plc
INFA-LN,Infrastrata Plc
ING-LN,Ingenta Plc
INHC-LN,Induction Healthcare Group Plc
INL-LN,Inland Homes Plc
INPP-LN,International Public Partnerships Limited
INS-LN,Instem Plc
INSE-LN,Inspired Energy Plc
INSG-LN,Insig AI Plc
INSP-LN,Inspirit Energy Holdings plc.
INTO-LN,INTOSOL Holdings plc
INV-LN,Investment Co plc
INVP-LN,Investec plc
INX-LN,i-nexus Global Plc
IOF-LN,Iofina Plc
IOG-LN,IOG Plc
IOM-LN,Iomart Group plc
IPE-LN,Invesco Enhanced Income Limited
IPEL-LN,Impellam Group Plc
IPF-LN,International Personal Finance Plc
IPO-LN,IP Group Plc
IPU-LN,Invesco Perpetual UK Smaller Companies Investment Trust plc
IPX-LN,Impax Asset Management Group Plc
IQAI-LN,IQ-AI Limited
IQE-LN,IQE plc
IQG-LN,IQGeo Group Plc
IRON-LN,Ironveld Plc
IRR-LN,IronRidge Resources Limited
ITM-LN,ITM Power
ITRK-LN,Intertek Group plc
ITS-LN,In The Style Group Plc
ITV-LN,ITV
ITX-LN,Itaconix Plc
IUG-LN,Intelligent Ultrasound Group Plc
IVI-LN,Invesco Income Growth Trust plc
IVPB-LN,Invesco Select Trust Plc - Balanced Risk
IVPG-LN,Invesco Select Trust Plc - Global Equity
IVPM-LN,Invesco Select Trust Plc - Managed Liquidity
IVPU-LN,Invesco Select Trust Plc - UK Equity
IWG-LN,IWG plc
IXI-LN,Ixico Plc
JADE-LN,Jade Road Investments Limited
JAGI-LN,JPMorgan Asia Growth & Income Plc
JAM-LN,JPMorgan American Investment Trust Plc
JAN-LN,Jangada Mines Plc
JARA-LN,JPMorgan Global Core Real Assets Limited
JARC-LN,JPMorgan Global Core Real Assets Limited - Class C
JAY-LN,Bluejay Mining Plc
JCGI-LN,JPMorgan China Growth & Income Plc
JCH-LN,JPMorgan Claverhouse Investment Trust Plc
JD.-LN,JD Sports Fashion plc.
JDG-LN,Judges Scientific Plc
JDW-LN,Wetherspoon(J D) plc
JEDT-LN,JPMorgan European Discovery Trust Plc
JEFI-LN,Jupiter Emerging & Frontier Income Trust Plc - Redeemable Shares - GBP
JEL-LN,Jersey Electricity Plc - Class A
JEMI-LN,JPMorgan Global Emerging Markets Income Trust Plc
JEO-LN,European Opportunities Trust Plc
JESC-LN,JPMorgan European Discovery Trust Plc
JET-LN,Just Eat Takeaway.com N.V.
JET2-LN,Jet2 Plc
JETG-LN,JPMorgan European Investment Trust Plc - Growth
JETI-LN,JPMorgan European Investment Trust Plc - Income
JFJ-LN,JPMorgan Japanese Investment Trust Plc
JGC-LN,Jupiter Green Investment Trust
JGGI-LN,JPMorgan Global Growth & Income Plc
JHD-LN,James Halstead plc
JHYP-LN,JPMorgan Funds ETFs (Ireland) ICAV - Global High Yield Corporate Bond MultiFactor UCITS ETF
JII-LN,JP Morgan Indian Investment Trust Plc
JIM-LN,Jarvis Securities
JKX-LN,JKX Oil & Gas
JLEN-LN,JLEN Environmental Assets Group Ltd.
JLG-LN,John Laing Group Plc
JLH-LN,John Lewis of Hungerford Plc
JLP-LN,Jubilee Metals Group Plc
JMAT-LN,Johnson Matthey plc
JMF-LN,JP Morgan Mid Cap Investment Trust Plc
JMG-LN,JPMorgan Emerging Markets Investment Trust Plc
JMI-LN,JPMorgan Smaller Companies Investment Trust Plc
JNEO-LN,Journeo Plc
JOG-LN,Jersey Oil and Gas Plc
JOUL-LN,Joules Group Plc
JPE-LN,JPMorgan Elect Plc - Managed Growth
JPEC-LN,JPMorgan Elect Plc - Managed Cash
JPEI-LN,JPMorgan Elect Plc - Managed Income
JPS-LN,JPMorgan Japan Smaller Companies Trust plc
JPSS-LN,JPMorgan Japan Small Cap Growth & Income plc - Subscription Shares
JRS-LN,JPMorgan Russian Securities Plc
JSE-LN,Jadestone Energy Plc
JSG-LN,Johnson Service Group plc
JSGI-LN,JPMorgan Japan Small Cap Growth & Income plc
JTC-LN,JTC Plc
JUKG-LN,Jupiter UK Growth Investment Trust Plc
JUP-LN,Jupiter Fund Management Plc
JUS-LN,Brown Advisory US Smaller Companies Plc
JUSC-LN,JPMorgan US Smaller Companies Investment Trust Plc
JUST-LN,Just Group Plc
JWNG-LN,Jaywing Plc
JZCP-LN,JZ Capital Partners
K3C-LN,K3 Capital Group Plc
KAKU-LN,Kakuzi plc
KAPE-LN,Kape Technologies Plc
KAV-LN,Kavango Resources Plc
KAY-LN,Kings Arms Yard Vct Plc
KAZ-LN,KAZ Minerals Plc
KBT-LN,K3 Business Technology Group plc
KCR-LN,KCR Residential REIT plc
KCT-LN,Kin and Carta Plc
KDNC-LN,Cadence Minerals Plc
KDR-LN,Karelian Diamond Resources
KEFI-LN,KEFI Gold and Copper Plc
KETL-LN,Strix Group Plc
KEYS-LN,Keystone Law Group Plc
KGF-LN,Kingfisher Plc
KGH-LN,Knights Group Holdings Plc
KIBO-LN,Kibo Energy Plc
KIE-LN,Kier Group plc
KINO-LN,Kinovo Plc
KIST-LN,Kistos Plc
KIT-LN,Keystone Investment Trust plc
KITW-LN,Kitwave Group Plc
KKVL-LN,KKV Secured Loan Fund Limited
KKVX-LN,KKV Secured Loan Fund Limited - Class C
KLR-LN,Keller
KMK-LN,Kromek Group Plc
KMR-LN,Kenmare Resources Plc
KNB-LN,Kanabo Group Plc
KNOS-LN,Kainos Group Plc
KOD-LN,Kodal Minerals Plc
KOO-LN,Kooth Plc
KOS-LN,Kosmos Energy Ltd
KP2-LN,Kore Potash Plc
KPC-LN,Keystone Positive Change Investment Trust Plc
KRM-LN,KRM22 Plc
KRPZ-LN,Kropz Plc
KRS-LN,Keras Resources Plc
KSK-LN,KSK Power Ventur Plc
KWG-LN,Kingswood Holding Limited
KWS-LN,Keywords Studios Plc
KZG-LN,Kazera Global plc
LAM-LN,Lamprell Plc
LAND-LN,Land Securities Group
LAS-LN,London & Associate Properties plc
LBE-LN,Longboat Energy Plc
LBOW-LN,ICG-Longbow Senior Secured UK Property Debt Investments Ltd
LDG-LN,Logistics Development Group Plc
LDSG-LN,Leeds Group plc
LEK-LN,Lekoil Limited
LEND-LN,Sancus Lending Group Ltd
LEX-LN,Lexington Gold Limited
LFI-LN,London Finance & Investment Group
LGEN-LN,Legal & General Group plc
LGRS-LN,Loungers Plc
LID-LN,Lidco Group
LIO-LN,Liontrust Asset Management plc
LIT-LN,Litigation Capital Management Limited
LIV-LN,Livermore Investments Group Limited
LLOY-LN,Lloyds Banking Group plc
LME-LN,Limitless Earth Plc
LMP-LN,LondonMetric Property Plc
LMS-LN,LMS Capital Plc
LND-LN,Landore Resources
LOGP-LN,Lansdowne Oil & Gas
LOK-LN,Lok`n Store Group plc
LOOK-LN,Lookers plc
LOOP-LN,LoopUp Group Plc
LPA-LN,LPA Group plc
LRE-LN,Lancashire Holdings Limited
LSAI-LN,Location Sciences Group Plc
LSC-LN,London Security plc
LSE-LN,London Stock Exchange Group
LSEG-LN,London Stock Exchange Group
LSL-LN,LSL Property Services Plc
LTG-LN,Learning Technologies Group Plc
LTHM-LN,Latham (James)
LTI-LN,Lindsell Train Investment Trust
LUCE-LN,Luceco Plc
LVCG-LN,Live Company Group Plc
LWDB-LN,Law Debenture Corp plc
LWI-LN,Lowland Investment Co plc
LXI-LN,LXI REIT Plc
MAB1-LN,Mortgage Advice Bureau (Holdings) Ltd
MAC-LN,Marechale Capital Plc
MAC1-LN,Marwyn Acquisition Ccompany I Limited
MAC2-LN,Marwyn Acquisition Company II Limited
MAC3-LN,Marwyn Acquisition Company III Limited
MACF-LN,MacFarlane Group plc
MACP-LN,Marwyn Acquisition Company Plc
MADE-LN,Made.com Group Plc
MAFL-LN,Mineral & Financial Investments Limited
MAI-LN,Maintel Hldgs
MAJE-LN,Majedie Investments plc
MANO-LN,Manolete Partners Plc
MARS-LN,Marston`s Plc
MAST-LN,Mast Energy Developments Plc
MATD-LN,Petro Matad Limited
MATE-LN,JPMorgan Multi-Asset Growth & Income Plc
MAV4-LN,Maven Income & Growth VCT 4 Plc
MAVT-LN,Momentum Multi-Asset Value Trust Plc
MBH-LN,Michelmersh Brick Hldgs
MBO-LN,Mobilityone Ltd
MBT-LN,Mobile Tornado Group Plc
MCB-LN,McBride
MCKS-LN,McKay Securities
MCL-LN,Morses Club Plc
MCLS-LN,Mccoll`s Retail Group Plc
MCM-LN,MC Mining Limited
MCON-LN,Mincon Group plc
MCRO-LN,Micro Focus International Plc
MCS-LN,McCarthy & Stone plc
MDC-LN,Mediclinic International Plc
MDZ-LN,Mediazest
MEAL-LN,Parsley Box Group Plc
MED-LN,Intelligent Ultrasound Group Plc
MER-LN,Mears Group
MERC-LN,Mercia Asset Management Plc
MERI-LN,Merian Chrysalis Investment Company Limited
MFX-LN,Manx Financial Group Plc
MGAM-LN,Morgan Advanced Materials Plc
MGCI-LN,M&G Credit Income Investment Trust Plc
MGGT-LN,Meggitt plc
MGNS-LN,Morgan Sindall Group plc
MGP-LN,Medica Group Plc
MHC-LN,MyHealthChecked Plc
MHN-LN,Menhaden Plc
MIDW-LN,Midwich Group Plc
MIG-LN,Mobeus Income & Growth 2 VCT Plc - New
MIG1-LN,Maven Income & Growth VCT Plc
MIG3-LN,Maven Income and Growth Vct 3 Plc
MIG4-LN,Mobeus Income & Growth 4 VCT plc
MIG5-LN,Maven Income and Growth VCT 5 Plc
MIGO-LN,Miton Global Opportunities Plc
MIN-LN,Minoan Group Plc
MIND-LN,Mind Gym Plc
MINI-LN,Miton UK MicroCap Trust plc
MIRA-LN,Mirada Plc
MIRI-LN,Mirriad Advertising Plc
MIX-LN,Mobeus Income & Growth VCT Plc
MJH-LN,MJ Hudson Group Plc
MKA-LN,Mkango Resources Ltd
MKS-LN,Marks & Spencer Group
MLVN-LN,Malvern International Plc
MMAG-LN,musicMagpie Plc
MMH-LN,Marshall Motor Holdings Plc
MMIT-LN,Mobius Investment Trust plc
MMM-LN,Mining Minerals & Metals Plc
MMX-LN,Minds Machines Group Limited
MNDI-LN,Mondi
MNG-LN,M&G Plc
MNKS-LN,Monks Investment Trust plc
MNL-LN,Manchester & London Investment Trust
MNO-LN,Maestrano Group Plc
MNP-LN,Martin Currie Global Portfolio Trust Plc
MNRG-LN,MetalNRG Plc
MNZS-LN,Menzies (John) plc
MODE-LN,Mode Global Holdings Plc
MOGP-LN,Mountfield Group Plc
MONY-LN,Moneysupermarket.Com Group Plc
MOON-LN,Moonpig Group Plc
MOS-LN,Mobile Streams
MOTR-LN,Motorpoint Group Plc
MPAC-LN,Mpac Group Plc
MPE-LN,M.P. Evans Group Plc
MPH-LN,Mereo Biopharma Group Plc
MPL-LN,Mercantile Ports and Logistics Limited
MPLF-LN,Marble Point Loan Financing Limited
MPO-LN,Macau Property Opportunities Fund
MRC-LN,The Mercantile Investment Trust Plc
MRCH-LN,Merchants Trust plc
MRIT-LN,Merit Group Plc.
MRL-LN,Marlowe Plc
MRO-LN,Melrose Industries Plc.
MRTW-LN,Meritwell II Limited
MRW-LN,Morrison (Wm.) Supermarkets plc
MSI-LN,MS International plc
MSLH-LN,Marshalls Group
MSMN-LN,Mosman Oil and Gas Limited
MSYS-LN,Microsaic Systems PLC
MTC-LN,Mothercare plc
MTE-LN,Montanaro European Smaller Companies Trust Plc
MTL-LN,Metals Exploration
MTO-LN,Mitie Group plc
MTPH-LN,Midatech Pharma Plc
MTR-LN,Metal Tiger Plc
MTRO-LN,Metro Bank Plc
MTU-LN,Montanaro UK Smaller Companies Investment Trust plc
MTVW-LN,Mountview Estates
MTW-LN,Mattioli Woods
MUL-LN,Mulberry Group
MUST-LN,Mustang Energy Plc
MUT-LN,Murray Income Trust plc
MVI-LN,Marwyn Value Investors Ltd (New)
MVIR-LN,Marwyn Value Investors Ltd (New) (Realisation Share)
MVR-LN,MelodyVR Group Plc
MWE-LN,Mti Wireless Edge
MWG-LN,Modern Water Plc
MWY-LN,Mid Wynd International Investment Trust plc
MXC-LN,MGC Pharmaceuticals Ltd
MXCL-LN,MaxCyte Inc - Reg S
MXCN-LN,MaxCyte Inc - Reg S New
MXCT-LN,MaxCyte Inc
MYI-LN,Murray International Trust plc
MYSL-LN,MySale Group Plc
MYX-LN,MyCelx Technologies Corporation
MYXR-LN,MyCelx Technologies Corporation - Reg S
N4P-LN,N4 Pharma Plc
N91-LN,Ninety One Plc
NAH-LN,NAHL Group Plc
NAIT-LN,North American Income Trust Plc
NAK-LN,Nakama Group Plc
NANO-LN,Nanoco Group Plc
NAPS-LN,Napster Group Plc
NAR-LN,Northamber
NAS-LN,North Atlantic Smaller Companies Investment Trust plc
NAVC-LN,Nippon Active Value Fund Plc - Class C
NAVF-LN,Nippon Active Value Fund Plc
NBB-LN,Norman Broadbent Plc
NBDG-LN,NB Distressed Debt Investment Fund Ltd - Global Shares
NBI-LN,Northbridge Industrial Services
NBMI-LN,NB Global Monthly Income Fund Limited - Redeemable Shares - GBP
NCA-LN,New Century Aim Vct
NCA2-LN,New Century Aim Vct 2 Plc
NCC-LN,NCC Group
NCCL-LN,Ncondezi Energy Limited
NCYF-LN,CQS New City High Yield Fund Limited
NCYT-LN,Novacyt
NESF-LN,NextEnergy Solar Fund Limited
NET-LN,Netcall plc
NETW-LN,Network International Holdings Plc
NEX-LN,National Express Group plc
NEXS-LN,Nexus Infrastructure Plc
NFC-LN,Next Fifteen Communications Group plc
NFX-LN,Nuformix plc
NG.-LN,National Grid Plc
NGHT-LN,Nightcap Plc
NICL-LN,Nichols plc
NMCN-LN,NMCN Plc
NOG-LN,Nostrum Oil & Gas Plc
NRR-LN,NewRiver REIT Plc
NSCI-LN,NetScientific plc
NSF-LN,Non-Standard Finance Plc
NSH-LN,Norish
NSI-LN,New Star Investment Trust
NTBR-LN,Northern Bear Plc
NTN-LN,Northern 3 VCT plc
NTOG-LN,Nostra Terra Oil&Gas Co Plc
NTQ-LN,Enteq Upstream Plc
NTV-LN,Northern 2 Venture Capital Trust plc
NUC-LN,Nucleus Financial Group Plc
NUM-LN,Numis Corporation plc
NVT-LN,Northern Venture Trust plc
NWF-LN,NWF Group
NWG-LN,NatWest Group Plc
NWT-LN,Newmark Security plc
NXR-LN,Norcros Plc
NXT-LN,Next plc.
OAP3-LN,Octopus Apollo VCT Plc
OBC-LN,Online Blockchain Plc
OBD-LN,Oxford BioDynamics Plc
OCDO-LN,Ocado Group Plc
OCI-LN,Oakley Capital Investments Ltd
OCN-LN,Ocean Wilsons Holdings Ltd.
OCT-LN,Octagonal Plc
OCTP-LN,Oxford Cannabinoid Technologies Holdings Plc
ODX-LN,Omega Diagnostics Group Plc
OEX-LN,Oilex Ltd
OHG-LN,One Heritage Group Plc
OIG-LN,Oryx International Growth Fund
OIT-LN,Odyssean Investment Trust Plc
OITC-LN,Odyssean Investment Trust Plc - Class C
OKYO-LN,OKYO Pharma Limited
OMG-LN,Oxford Metrics plc
OMI-LN,Orosur Mining Inc
OMIP-LN,One Media iP Group Plc
OMU-LN,Old Mutual Limited
ONC-LN,Oncimmune Holdings plc
OOA-LN,Octopus AIM VCT Plc
OPG-LN,Opg Power Venture PLC
OPM-LN,1PM Plc
OPP-LN,Origo Partners Plc
OPTI-LN,OptiBiotix Health plc
ORCH-LN,Orchard Funding Group Plc
ORCP-LN,Oracle Power Plc
ORIT-LN,Octopus Renewables Infrastructure Trust Plc
ORM-LN,Ormonde Mining Plc
ORNT-LN,Orient Telecoms PLC
ORPH-LN,Open Orphan plc
ORR-LN,Oriole Resources PLC
OSB-LN,OSB Group PLC
OSEC-LN,Octopus AIM VCT 2 plc - Class A
OSI-LN,Osirium Technologies plc
OTAQ-LN,OTAQ Plc
OTB-LN,On the Beach Group plc
OTMP-LN,OnTheMarket Plc
OTT-LN,Oxford Technology 3 Venture Capital Trust plc
OTV2-LN,Octopus Titan VCT plc
OVB-LN,Ovoca Bio Plc
OXB-LN,Oxford Biomedica
OXF-LN,Oxford Technology 4 VCT
OXH-LN,Oxford Technology 2 Venture Capital Trust plc
OXIG-LN,Oxford Instruments plc
OXT-LN,Oxford Technology Venture Capital Trust plc
PAC-LN,Pacific Assets Trust plc
PAF-LN,Pan African Resources Plc
PAG-LN,Paragon Banking Group Plc
PAGE-LN,PageGroup Plc
PALM-LN,Panther Metals Plc
PANR-LN,Pantheon Resources
PAT-LN,Panthera Resources Plc
PATH-LN,Path Investments Plc
PAY-LN,Paypoint
PBEE-LN,PensionBee Group Plc
PBLT-LN,TOC Property Backed Lending Trust Plc
PCA-LN,Palace Capital Plc
PCF-LN,PCF Group Plc
PCFC-LN,Polar Capital Global Financials Trust Plc - Class C
PCFT-LN,Polar Capital Global Financials Trust Plc
PCGH-LN,Polar Capital Global Healthcare Trust Plc
PCIP-LN,PCI-PAL Plc
PCP-LN,Pacific Petroleum Holdings Plc
PCT-LN,Polar Capital Technology Trust
PCTN-LN,Picton Property Income Limited
PDG-LN,Pendragon plc
PDL-LN,Petra Diamonds
PDZ-LN,Prairie Mining Limited
PEB-LN,Pebble Beach Systems Group Plc
PEBB-LN,Pebble Group Plc
PEG-LN,Petards Group Plc
PEMB-LN,Pembroke VCT plc - Class B
PEN-LN,Pennant International
PERE-LN,Pembridge Resources Plc
PET-LN,Petrel Resources
PETS-LN,Pets at Home Group Plc
PEY-LN,Princess Private Equity Hldgs
PFC-LN,Petrofac
PFD-LN,Premier Foods
PFG-LN,Provident Financial plc
PFP-LN,Pathfinder Minerals Plc
PGH-LN,Personal Group Holdings
PGOO-LN,Proven Growth and Income VCT Plc
PGR-LN,Phoenix Global Resources Plc
PHAR-LN,Pharos Energy Plc
PHC-LN,Plant Health Care
PHD-LN,Proactis Hldgs
PHE-LN,PowerHouse Energy Group Plc
PHI-LN,Pacific Horizon Investment Trust plc
PHNX-LN,Phoenix Group Holdings Plc
PHP-LN,Primary Health Prop.
PHSC-LN,PHSC
PHTM-LN,Photo-Me International plc
PIER-LN,The Brighton Pier Group Plc
PIN-LN,Pantheon International Plc
PIP-LN,Pipehawk
PIRI-LN,Pires Investments Plc.
PLAZ-LN,Plaza Centers NV
PLI-LN,Perpetual Income & Growth Investment Trust plc
PLNT-LN,Plantic Technologies Ltd
PLP-LN,Genuit Group Plc
PLUS-LN,Plus500 Ltd
PMG-LN,The Parkmead Group Plc
PMGR-LN,Premier Miton Global Renewables Trust Plc
PMI-LN,Premier Miton Group Plc
PMO-LN,Premier Oil plc.
PMP-LN,Portmeirion Group plc
PNL-LN,Personal Assets Trust plc
PNN-LN,Pennon Group
PNPL-LN,Pineapple Power Corporation Plc
PNS-LN,Panther Securities plc
POG-LN,Petropavlovsk Plc
POLR-LN,Polar Capital Hldgs Plc
POLX-LN,Polarean Imaging Plc
POLY-LN,Polymetal International Plc
POS-LN,Plexus Hldgs
POW-LN,Power Metal Resources Plc
PPC-LN,President Energy Plc
PPG-LN,Plutus PowerGen Plc
PPH-LN,PPHE Hotel Group Limited
PPIX-LN,Prophotonix Ltd
PPP-LN,Pennpetro Energy Plc
PPS-LN,Proton Motor Power Systems Plc
PRD-LN,Predator Oil & Gas Holdings Plc
PRE-LN,Pensana Plc
PREM-LN,Premier African Minerals Limited
PRES-LN,Pressure Technologies Plc
PRIM-LN,Primorus Investments Plc
PRM-LN,Proteome Sciences plc
PRP-LN,Prime People plc
PRSM-LN,Blue Prism Group Plc
PRSR-LN,PRS REIT Plc
PRTC-LN,PureTech Health Plc
PRU-LN,Prudential plc
PRV-LN,Porvair plc
PSN-LN,Persimmon plc
PSON-LN,Pearson plc
PTAL-LN,PetroTal Corp
PTD-LN,Pittards
PTEC-LN,Playtech Plc
PTR-LN,Petroneft Resources
PTRO-LN,Pelatro Plc
PTY-LN,Parity Group plc
PU11-LN,Puma VCT 11 Plc
PU12-LN,Puma VCT 12 Plc
PU13-LN,Puma VCT 13 Plc
PUAL-LN,Puma Alpha VCT Plc
PUR-LN,Pure Gold Mining Inc
PURP-LN,Purplebricks Group plc
PVN-LN,Proven Venture Capital Trust plc
PVR-LN,Providence Resources Plc
PXC-LN,Phoenix Copper Limited
PXEN-LN,Prospex Energy Plc
PXS-LN,Provexis Plc
PYC-LN,Physiomics
PZC-LN,PZ Cussons plc
QBT-LN,Quantum Blockchain Technologies Plc
QFI-LN,Quadrise Fuels International Plc
QLT-LN,Quilter Plc
QQ.-LN,Qinetiq Group
QRT-LN,Quarto Group Inc.
QRTR-LN,Quarto Group Inc. - Reg S
QTX-LN,Quartix Technologies Plc
QUIZ-LN,Quiz Plc
QXT-LN,Quixant Plc
RAI-LN,RA International Group Plc
RAT-LN,Rathbone Brothers plc
RAV-LN,Raven Property Group Limited
RB.-LN,Reckitt Benckiser Group Plc
RBD-LN,Reabold Resources Plc
RBG-LN,Revolution Bars Group Plc
RBGP-LN,RBG Holdings plc
RBN-LN,Robinson
RBW-LN,Rainbow Rare Earths Ltd
RCDO-LN,Ricardo plc
RCH-LN,Reach plc
RCN-LN,Redcentric Plc
RCP-LN,RIT Capital Partners plc
RDGC-LN,Ridgecrest Plc
RDI-LN,RDI REIT Plc
RDL-LN,RDL Realisation Plc
RDSA-LN,Royal Dutch Shell Plc - Class A
RDSB-LN,Royal Dutch Shell Plc - Class B
RDT-LN,Rosslyn Data Technologies Plc
RDW-LN,Redrow plc
RE.-LN,REA Holdings
REC-LN,Record Plc
RECI-LN,Real Estate Credit Investments Limited
REDD-LN,Redde Northgate Plc
REDX-LN,Redx Pharma Plc
REL-LN,RELX Plc
RENE-LN,Reneuron Group
RENX-LN,Renalytix AI Plc
RESI-LN,Residential Secure Income Plc
RFX-LN,Ramsdens Holdings Plc
RGD-LN,Real Good Food Plc
RGL-LN,Regional REIT Limited
RGO-LN,RiverFort Global Opportunities Plc
RGP-LN,Ross Group plc
RHIM-LN,RHI Magnesita N.V.
RIII-LN,Rights & Issues Investment Trust plc
RIO-LN,Rio Tinto plc - Registered Shares
RIV-LN,River and Mercantile Group Plc
RKH-LN,Rockhopper Exploration
RKT.L-LN,Reckitt Benckiser Group Plc
RLE-LN,Real Estate Investors Plc
RM.-LN,RM plc
RMDL-LN,RM Secured Direct Lending Plc
RMG-LN,Royal Mail Plc
RMM-LN,Rambler Metals & Mining
RMMC-LN,River and Mercantile UK Micro Cap Investment Company Limited
RMP-LN,Red Emperor Resources NL
RMS-LN,Remote Monitored Systems Plc
RMV-LN,Rightmove Plc
RNK-LN,Rank Group plc
RNO-LN,Renold plc
RNWH-LN,Renew Holdings Plc
ROCK-LN,Rockfire Resources Plc
ROL-LN,Rotala
ROO-LN,Deliveroo Plc - Class A
ROQ-LN,Roquefort Investmnts Plc
ROR-LN,Rotork plc
RPS-LN,RPS Group plc
RQIH-LN,Randall & Quilter Investment Holdings Ltd
RR.-LN,Rolls-Royce Holdings Plc
RRR-LN,Red Rock Resources
RSA-LN,RSA Insurance Group Plc
RSE-LN,Riverstone Energy Limited
RSG-LN,Resolute Mining Ltd.
RST-LN,Restore Plc
RSW-LN,Renishaw plc
RTC-LN,RTC Group Plc
RTN-LN,Restaurant Group plc
RTO-LN,Rentokil Initial
RUA-LN,RUA Life Sciences Plc
RUR-LN,Rurelec
RWA-LN,Robert Walters plc
RWI-LN,Renewi Plc
RWS-LN,RWS Holdings plc
S32-LN,South32 Limited
SAA-LN,M&C Saatchi
SAE-LN,SIMEC Atlantis Energy Limited
SAFE-LN,Safestore Hldgs Plc
SAG-LN,Science Group Plc
SAGA-LN,Saga Plc
SAIN-LN,Scottish American Investment Co plc
SAL-LN,Spaceandpeople
SAR-LN,Sareum Holdings Plc
SAV-LN,Savannah Resources Plc
SAVE-LN,Savannah Energy Plc
SBI-LN,SourceBio International Plc
SBIZ-LN,SimplyBiz Group Plc
SBO-LN,Schroder British Opportunities Trust Plc
SBRE-LN,Sabre Insurance Group Plc
SBRY-LN,Sainsbury (J) plc
SBSI-LN,Schroder BSC Social Impact Trust Plc
SBTX-LN,SkinBioTherapeutics Plc
SCE-LN,Surface Transforms
SCF-LN,Schroder Income Growth Fund plc
SCGL-LN,Sealand Capital Galaxy Limited
SCHO-LN,Scholium Group Plc
SCIN-LN,Scottish Investment Trust plc
SCIR-LN,Scirocco Energy Plc
SCLP-LN,Scancell Hldgs Plc
SCP-LN,Schroder UK Mid Cap Fund Plc
SCPA-LN,Scapa Group plc
SCRF-LN,SME Credit Realisation Fund Limited
SCS-LN,ScS Group Plc
SCT-LN,Softcat Plc
SDG-LN,Sanderson Design Group Plc
SDI-LN,SDI Group Plc.
SDP-LN,Schroder Asia Pacific Fund
SDR-LN,Schroders
SDRC-LN,Schroders (Non Voting)
SDRY-LN,Superdry Plc
SDV-LN,Chelverton UK Dividend Trust Plc
SDX-LN,SDX Energy Plc
SDY-LN,Speedy Hire Plc
SEC-LN,Strategic Equity Capital
SEE-LN,Seeing Machines
SEEN-LN,SEEEN Plc
SEFA-LN,Shefa Gems Ltd
SEIT-LN,SDCL Energy Efficiency Income Trust Plc
SENS-LN,Sensyne Health Plc
SENX-LN,Serinus Energy Plc
SEPL-LN,Seplat Energy Plc
SEQI-LN,Sequoia Economic Infrastructure Income Fund Limited
SERE-LN,Schroder European Real Estate Investment Trust PLC
SEY-LN,Sterling Energy plc
SFE-LN,Safestyle UK Plc
SFOR-LN,S4 Capital Plc
SFR-LN,Severfield Plc
SGC-LN,Stagecoach Group plc
SGE-LN,Sage Group plc
SGEM-LN,ScotGems Plc
SGI-LN,Stanley Gibbons Group Plc
SGM-LN,Sigma Capital Group Plc
SGRO-LN,Segro Plc
SGZ-LN,Scotgold Resources Ltd.
SHB-LN,Shaftesbury plc
SHED-LN,Urban Logistics REIT Plc
SHG-LN,Shanta Gold
SHI-LN,SIG plc
SHOE-LN,Shoe Zone Plc
SHRS-LN,Shires Income plc
SIG-LN,Signature Aviation Plc
SIGB-LN,Sherborne Investors (Guernsey) B Limited
SIGC-LN,Sherborne Investors (Guernsey) C Limited
SIGT-LN,Seneca Global Income & Growth Trust Plc
SIM-LN,Simigon Ltd
SIR-LN,Secure Income REIT Plc
SIS-LN,Science in Sport Plc
SIXH-LN,600 Group plc
SJG-LN,Schroder Japan Growth Fund plc
SJH-LN,St. James House Plc
SKG-LN,Smurfit Kappa Group Plc
SKRL-LN,Skrill Group Plc
SLA-LN,Standard Life Aberdeen Plc
SLE-LN,San Leon Energy Plc
SLI-LN,Standard Life Invest Prop Inc Trust
SLN-LN,Silence Therapeutics Plc
SLNG-LN,Slingsby (H.C.)
SLP-LN,Sylvania Platinum Limited
SLPE-LN,Standard Life Private Equity Trust PLC
SLS-LN,Standard Life UK Smaller Companies Trust Plc
SMD-LN,Spectral MD Holdings Ltd..
SMDS-LN,Smith (DS) plc
SMIF-LN,TwentyFour Select Monthly Income Fund Limited
SMIN-LN,Smiths Group plc
SMJ-LN,Smart (J.) & Co Contractors plc
SML-LN,Strategic Minerals Plc
SMP-LN,St. Modwen Properties plc
SMRT-LN,Smartspace Software Plc
SMS-LN,Smart Metering Systems Plc
SMT-LN,Scottish Mortgage Investment Trust plc
SMWH-LN,WH Smith Plc
SN.-LN,Smith & Nephew plc
SNG-LN,Synairgen
SNN-LN,Sanne Group Plc
SNR-LN,Senior plc
SNT-LN,Sabien Technology Group Plc
SNWS-LN,Smiths News Plc
SNX-LN,Synectics Plc
SO4-LN,Salt Lake Potash Limited
SOHO-LN,Triple Point Social Housing REIT plc
SOI-LN,Schroder Oriental Income Fund
SOLG-LN,SolGold Plc
SOLI-LN,Solid State
SOM-LN,Somero Enterprises Inc
SONC-LN,Hipgnosis Songs Fund Limited - Class C
SOP-LN,Kanabo Group Plc
SOS-LN,Sosandar Plc
SOU-LN,Sound Energy Plc
SPA-LN,1Spatial Plc
SPC-LN,U.K. SPAC Plc
SPE-LN,Sopheon plc
SPEC-LN,Inspecs Group Plc
SPI-LN,Spire Healthcare Group Plc
SPO-LN,Sportech plc
SPPC-LN,St Peter Port Capital Ltd
SPR-LN,Springfield Properties Plc
SPSC-LN,Spectra Systems Corporation - Reg S
SPSY-LN,Spectra Systems Corporation
SPT-LN,Spirent Communications Plc
SPX-LN,Spirax-Sarco Engineering plc
SQZ-LN,Serica Energy PLC
SRB-LN,Serabi Gold Plc
SRE-LN,Sirius Real Estate Limited
SREI-LN,Schroder Real Estate Investment Trust Limited
SRES-LN,Sunrise Resources Plc
SRP-LN,Serco Group plc
SRT-LN,SRT Marine Systems Plc
SSE-LN,SSE Plc.
SSIF-LN,Secured Income Fund Plc
SSON-LN,Smithson Investment Trust plc
SSPG-LN,SSP Group Plc
SST-LN,Scottish Oriental Smaller Companies
SSTY-LN,Safestay Plc
STA-LN,Star Phoenix Group Ltd
STAF-LN,Staffline Group Plc
STAN-LN,Standard Chartered plc
STAR-LN,Starcom Plc
STB-LN,Secure Trust Bank Plc
STCK-LN,Stock Spirits Group Plc
STCM-LN,Steppe Cement
STEM-LN,Sthree
STJ-LN,St. James`s Place Plc
STM-LN,STM Group Plc
STOB-LN,Esken Limited
STP-LN,Stenprop Limited
STS-LN,Securities Trust Of Scotland (New) (Redeemable)
STU-LN,Studio Retail Group Plc
STVG-LN,STV Group Plc
STX-LN,Shield Therapeutics plc
SUH-LN,Sutton Harbour Group Plc
SUMO-LN,Sumo Group Plc
SUN-LN,Surgical Innovations Group
SUP-LN,Supreme Plc
SUPP-LN,Schroder UK Public Private Trust Plc
SUPR-LN,Supermarket Income REIT plc
SUR-LN,Sureserve Group Plc
SURE-LN,Sure Ventures Plc
SUS-LN,S & U plc
SVCT-LN,Seneca Growth Capital VCT Plc - Class B
SVE-LN,Starvest Plc
SVM-LN,SVM UK Emerging Fund Plc
SVS-LN,Savills plc
SVT-LN,Severn Trent plc
SWC-LN,Summerway Capital Plc
SWEF-LN,Starwood European Real Estate Finance Limited
SWG-LN,Shearwater Group Plc
SXS-LN,Spectris
SYM-LN,Symphony Environmental Technologies Plc
SYME-LN,Supply@ME Capital Plc.
SYNC-LN,Syncona Limited
SYNT-LN,Synthomer plc
SYS-LN,SysGroup Plc
SYS1-LN,System1 Group Plc
TALK-LN,Talk Talk Telecom Group Plc
TAM-LN,Tatton Asset Management Plc
TAN-LN,Tanfield Group plc
TAST-LN,Tasty
TATE-LN,Tate & Lyle plc
TAVI-LN,Tavistock Investments Plc
TBCG-LN,TBC Bank Group Plc.
TBLD-LN,tinyBuild Inc
TCAP-LN,TP ICAP Group plc
TCM-LN,Telit Communications Plc
TCN-LN,Tricorn Group
TEAM-LN,Team Plc
TED-LN,Ted Baker
TEEC-LN,Triple Point Energy Efficiency Infrastructure Company Plc
TEG-LN,Ten Entertainment Group Plc
TEK-LN,Tekcapital Plc
TEM-LN,Templeton Emerging Markets Investment Trust Plc
TENG-LN,Ten Lifestyle Group Plc
TEP-LN,Telecom Plus plc
TERN-LN,Tern Plc
TET-LN,Treatt plc
TFG-LN,Tetragon Financial Group Limited
TFIF-LN,TwentyFour Income Fund Ltd
TFW-LN,Thorpe (FW)
TGA-LN,Thungela Resources Limited
TGL-LN,Transglobe Energy Corp.
TGP-LN,Tekmar Group Plc
TGR-LN,Tirupati Graphite Plc
THAL-LN,Thalassa Holdings Ltd
THG-LN,THG Plc
THR-LN,Thor Mining
THRG-LN,BlackRock Throgmorton Trust Plc
THRL-LN,Target Healthcare REIT plc
THS-LN,Tharisa plc
TI1-LN,Trian Investors 1 Limited
TIDE-LN,Crimson Tide Plc
TIFS-LN,TI Fluid Systems Plc
TIGT-LN,Troy Income & Growth Trust Plc
TILS-LN,Tiziana Life Sciences Plc
TIM-LN,Timico Technology Group Plc
TIME-LN,Time Finance Plc
TIR-LN,Tiger Royalties and Investments Plc
TKO-LN,Taseko Mines Ltd.
TLOU-LN,Tlou Energy Limited
TLW-LN,Tullow Oil Plc
TLY-LN,Totally Plc
TM17-LN,Team17 Group Plc
TMG-LN,Mission Group Plc
TMI-LN,Taylor Maritime Investments Limited
TMO-LN,Time Out Group Plc
TMPL-LN,Temple Bar Investment Trust plc
TND-LN,Tandem Group plc
TOM-LN,Tomco Energy Plc
TON-LN,Titon Holdings plc
TOOP-LN,Toople Plc
TORG-LN,Chenavari Toro Income Fund Limited
TOT-LN,Total Produce Plc
TOWN-LN,Town Centre Securities plc
TPFG-LN,Property Franchise Group Plc
TPG-LN,TP Group Plc
TPK-LN,Travis Perkins plc
TPOA-LN,Triple Point VCT 2011 Plc - Class A
TPOB-LN,Triple Point VCT 2011 Plc - Class B
TPT-LN,Topps Tiles
TPVC-LN,Triple Point Income VCT plc. - Class C
TPVD-LN,Triple Point Income VCT plc. - Class D
TPVE-LN,Triple Point Income VCT plc. - Class E
TPVN-LN,Triple Point VCT 2011 Plc (Venture Shares)
TPX-LN,Panoply Holdings Plc
TRAF-LN,Trafalgar Property Group Plc
TRAK-LN,TrakM8 Hldgs
TRB-LN,Tribal Group
TRCS-LN,Tracsis Plc
TRD-LN,Triad Group plc
TREE-LN,Cambium Global Timberland Ltd
TRG-LN,TR European Growth Trust plc
TRI-LN,Trifast
TRIG-LN,The Renewables Infrastructure Group Limited
TRIN-LN,Trinity Exploration & Production Plc
TRLS-LN,Trellus Health Plc
TRMR-LN,Tremor International Ltd
TRN-LN,Trainline Plc
TRP-LN,Tower Resources
TRR-LN,Trident Royalties Plc
TRST-LN,Trustpilot Group plc
TRT-LN,Transense Technologies plc
TRU-LN,Trufin Plc
TRX-LN,Tissue Regenix Group Plc
TRY-LN,TR Property Investment Trust plc
TSCO-LN,Tesco plc
TSG-LN,Trans-Siberian Gold
TSI-LN,Two Shields Investments Plc
TSL-LN,ThinkSmart Ltd
TST-LN,Touchstar Plc
TSTL-LN,Tristel
TSTR-LN,Tri-Star Resources plc
TTG-LN,TT Electronics plc
TUI-LN,Tui AG - Registered Shares
TUNE-LN,Focusrite Plc
TUNG-LN,Tungsten Corporation Plc
TW.-LN,Taylor Wimpey
TWD-LN,Trackwise Designs Plc
TXP-LN,Touchstone Exploration Inc.
TYM-LN,Tertiary Minerals
TYMN-LN,Tyman plc
UAI-LN,U and I Group PLC.
UANC-LN,Urban&Civic Plc
UAV-LN,Unicorn Aim Vct plc - New
UCG-LN,United Carpets Group
UDG-LN,UDG Healthcare Plc
UEM-LN,Utilico Emerging Markets Trust Plc
UEX-LN,Urban Exposure Plc
UFO-LN,Alien Metals Limited
UHS-LN,Umuthi Healthcare Solutions Plc
UJO-LN,Union Jack Oil Plc
UKCM-LN,UK Commercial Property REIT Limited
UKMC-LN,UK Mortgages Limited - Class C
UKML-LN,UK Mortgages Limited
UKOG-LN,UK Oil & Gas Plc
UKR-LN,Ukrproduct Group
UKW-LN,Greencoat UK Wind Plc
ULE-LN,Ultra Electronics Holdings
ULS-LN,ULS Technology Plc
ULVR-LN,Unilever plc
UNG-LN,Universe Group plc
UOG-LN,United Oil & Gas Plc
UPGS-LN,UP Global Sourcing Holdings Plc
UPL-LN,Upland Resources Ltd.
UPR-LN,Uniphar Plc
URU-LN,URU Metals Limited
USA-LN,Baillie Gifford US Growth Trust Plc.
USF-LN,US Solar Fund Plc
UTG-LN,Unite Group plc.
UTL-LN,UIL Limited
UU.-LN,United Utilities Group PLC - Class A
UVEL-LN,Univision Engineering
VAL-LN,Valirx Plc
VANL-LN,Van Elle Holdings Plc
VARE-LN,Various Eateries Plc
VAST-LN,Vast Resources Plc
VCAP-LN,Vector Capital Plc
VCBC-LN,Vertu Capital Ltd
VCP-LN,Victoria Plc.
VCT-LN,Victrex plc
VDTK-LN,Verditek Plc
VEC-LN,Vectura Group Plc
VEIL-LN,Vietnam Enterprise Investments - Redeemable Shares
VEL-LN,Velocity Composites Plc
VELA-LN,Vela Technologies Plc
VEN-LN,Ventus Vct
VEN2-LN,Ventus 2 Vct
VENC-LN,Ventus Vct - Class C
VEND-LN,Ventus Vct - Class D
VGAS-LN,Volga Gas Plc
VIC-LN,Victorian Plumbing Group Plc
VIN-LN,Value and Indexed Property Income Trust Plc
VINO-LN,Virgin Wines UK Plc
VIP-LN,Value and Indexed Property Income Trust Plc
VLE-LN,Volvere
VLG-LN,Venture Life Group Plc
VLS-LN,Velocys Plc
VLU-LN,Valeura Energy Inc
VLX-LN,Volex Plc
VMUK-LN,Virgin Money UK Plc.
VNC-LN,Ventus 2 Vct - Class C
VND-LN,Ventus 2 Vct - Class D
VNET-LN,Vianet Group Plc.
VNH-LN,Vietnam Hldg Ltd
VOD-LN,Vodafone Group plc
VOF-LN,VinaCapital Vietnam Opportunity Fund Limited
VOG-LN,Victoria Oil & Gas
VP.-LN,VP
VRCI-LN,Verici Dx Plc
VRE-LN,VR Education Holdings Plc
VRS-LN,Versarien Plc
VSL-LN,VPC Specialty Lending Investments Plc
VSVS-LN,Vesuvius Plc
VTA-LN,Volta Finance Limited
VTC-LN,Vitec Group plc
VTU-LN,Vertu Motors Plc
VTY-LN,Vistry Group Plc
VVO-LN,Vivo Energy plc
W7L-LN,Warpaint London Plc
WAND-LN,Wandisco Plc
WATR-LN,Water Intelligence Plc
WCAT-LN,Wildcat Petroleum Plc
WCH-LN,Wilmcote Holdings Plc
WCW-LN,Walker Crips Group Plc
WEB-LN,Webis Holdings Plc
WEIR-LN,Weir Group plc
WEN-LN,Wentworth Resources plc
WEY-LN,Wey Education Plc
WG.-LN,Wood Group (John) Plc
WGB-LN,Walker Greenbank plc
WHI-LN,W.H.Ireland Group
WHR-LN,Warehouse REIT Plc
WIL-LN,Wilmington Plc
WIN-LN,Wincanton
WINE-LN,Naked Wines Plc
WINK-LN,Winkworth plc
WINV-LN,Worsley Investors Limited
WIX-LN,Wickes Group Plc
WIZZ-LN,Wizz Air Holdings Plc
WJA-LN,Wameja Limited
WJG-LN,Watkin Jones Plc
WKOF-LN,Weiss Korea Opportunity Fund Ltd
WKP-LN,Workspace Group
WMH-LN,William Hill
WOSG-LN,Watches Of Switzerland Group Plc
WPHO-LN,Windar Photonics Plc
WPM-LN,Wheaton Precious Metals Corp
WPP-LN,WPP Plc.
WRES-LN,W Resources Plc
WRKS-LN,TheWorks.co.uk Plc
WSBN-LN,Wishbone Gold Plc
WSE-LN,Work Service SA
WSG-LN,Westminster Group Plc
WSL-LN,Worldsec
WSP-LN,Wynnstay Properties
WTAN-LN,Witan Investment Trust plc
WTB-LN,Whitbread plc
WTE-LN,Westmount Energy
WTG-LN,Watchstone Group Plc
WWH-LN,Worldwide Healthcare Trust Plc
WYN-LN,Wynnstay Group
XAR-LN,Xaar
XLM-LN,XLMedia Plc
XPD-LN,Xpediator Plc
XPP-LN,XP Power Ltd
XPS-LN,XPS Pensions Group Plc
XSG-LN,Xeros Technology Group Plc
XTR-LN,Xtract Resources Plc
YCA-LN,Yellow Cake Plc
YGEN-LN,Yourgene Health Plc
YNGA-LN,Young & Co`s Brewery Plc - Class A
YNGN-LN,Young & Co`s Brewery Plc
YOU-LN,Yougov
YU.-LN,Yu Group PLC
ZAIM-LN,Zaim Credit Systems Plc
ZAM-LN,Zambeef Products
ZEG-LN,Zegona Communications Plc
ZEN-LN,Zenith Energy Ltd
ZHEH-LN,Zhejiang Expressway Co - Class H
ZIN-LN,Zinc Media Group Plc
ZIOC-LN,Zanaga Iron Ore Company Limited
ZNWD-LN,Zinnwald Lithium Plc
ZOL-LN,Zoltav Resources Inc
ZOO-LN,Zoo Digital Group
ZPHR-LN,Zephyr Energy Plc
ZTF-LN,Zotefoams
ZYT-LN,Zytronic plc
